{"cameraMode":{"drawMode":0,"name":"Shaded","section":"Shading Mode"},"sceneLighting":true,"audioPlay":false,"sceneViewState":{"showFog":true,"showMaterialUpdate":true,"showSkybox":true,"showFlares":true,"showImageEffects":true,"showParticleSystems":true},"in2DMode":false,"pivot":{"x":729.7908325195313,"y":381.2166748046875,"z":0.0},"rotation":{"x":0.09672842919826508,"y":0.20451880991458894,"z":-0.020313745364546777,"w":0.973861038684845},"size":64.48641967773438,"orthographic":false}