{"cameraMode":{"drawMode":0,"name":"Shaded","section":"Shading Mode"},"sceneLighting":true,"audioPlay":false,"sceneViewState":{"showFog":true,"showMaterialUpdate":true,"showSkybox":true,"showFlares":true,"showImageEffects":true,"showParticleSystems":true},"in2DMode":false,"pivot":{"x":-0.5099999904632568,"y":1.4600000381469727,"z":0.0},"rotation":{"x":0.1603565216064453,"y":0.45157524943351748,"z":-0.08287298679351807,"w":0.8737848997116089},"size":5.966026306152344,"orthographic":false}