{"cameraMode":{"drawMode":0,"name":"Shaded","section":"Shading Mode"},"sceneLighting":false,"audioPlay":false,"sceneViewState":{"showFog":true,"showMaterialUpdate":true,"showSkybox":false,"showFlares":true,"showImageEffects":true,"showParticleSystems":true},"in2DMode":false,"pivot":{"x":1.0101683139801026,"y":5.135295867919922,"z":22.46192169189453},"rotation":{"x":0.1201169341802597,"y":0.6082944273948669,"z":-0.09380213171243668,"w":0.7789425253868103},"size":2.450282096862793,"orthographic":false}