{"cameraMode":{"drawMode":0,"name":"Shaded","section":"Shading Mode"},"sceneLighting":false,"audioPlay":false,"sceneViewState":{"showFog":true,"showMaterialUpdate":true,"showSkybox":false,"showFlares":true,"showImageEffects":true,"showParticleSystems":true},"in2DMode":false,"pivot":{"x":3.869999885559082,"y":3.859999895095825,"z":6.960000038146973},"rotation":{"x":0.1603565216064453,"y":0.45157524943351748,"z":-0.08287298679351807,"w":0.8737848997116089},"size":1.6667814254760743,"orthographic":false}