{"cameraMode":{"drawMode":0,"name":"Shaded","section":"Shading Mode"},"sceneLighting":false,"audioPlay":false,"sceneViewState":{"showFog":true,"showMaterialUpdate":true,"showSkybox":false,"showFlares":true,"showImageEffects":true,"showParticleSystems":true},"in2DMode":false,"pivot":{"x":-0.2549999952316284,"y":0.7300000190734863,"z":0.0},"rotation":{"x":0.1603565216064453,"y":0.45157524943351748,"z":-0.08287298679351807,"w":0.8737848997116089},"size":1.5273915529251099,"orthographic":false}